"key","Rating","Career","Management","Compensation","WorkLifeBalance","Culture"
"Company - Private",4.12224824355972,4.04309133489461,3.8576112412178,3.84754098360656,3.83067915690867,4.10444964871194
"Company - Public",3.79566160520607,3.66334056399132,3.39479392624729,3.52060737527115,3.63904555314534,3.77375271149675
