"Company - Private","Company - Public"
"4.122248","3.795662"
"4.043091","3.663341"
"3.857611","3.394794"
"3.847541","3.520607"
"3.830679","3.639046"
"4.104450","3.773753"
